customerID,gender,SeniorCitizen,tenure,PhoneService,InternetService,MonthlyCharges,TotalCharges,Churn
CUST00001,Female,1,18,Yes,Fiber optic,26.57,411.65,No
CUST00002,Male,0,9,No,No,66.67,,No
CUST00003,Male,0,40,No,DSL,41.42,2036.88,No
CUST00004,Female,0,29,No,Fiber optic,96.71,2605.08,Yes
CUST00005,Male,0,21,No,No,44.33,740.72,No
CUST00006,Female,0,17,Yes,No,95.1,,No
CUST00007,Male,0,29,No,Fiber optic,40.83,1208.22,No
CUST00008,Female,0,65,Yes,DSL,23.07,1893.86,No
CUST00009,Male,0,65,Yes,DSL,21.39,1372.62,No
CUST00010,Male,0,25,Yes,DSL,58.6,1513.87,No
CUST00011,Female,1,10,Yes,Fiber optic,75.02,821.52,Yes
CUST00012,Male,0,10,No,No,107.29,974.96,Yes
CUST00013,Male,0,33,Yes,Fiber optic,37.97,1055.26,Yes
CUST00014,Male,0,5,No,Fiber optic,61.76,,No
CUST00015,Male,0,36,Yes,Fiber optic,76.55,2750.87,Yes
CUST00016,Female,0,1,Yes,No,69.69,,No
CUST00017,Male,0,7,Yes,DSL,80.32,632.12,Yes
CUST00018,Female,0,9,Yes,DSL,101.59,905.61,No
CUST00019,Female,1,8,No,Fiber optic,92.88,752.23,Yes
CUST00020,Male,0,18,Yes,DSL,81.46,1411.47,No
CUST00021,Female,0,12,No,No,27.53,326.41,No
CUST00022,Male,0,6,No,Fiber optic,91.42,564.41,Yes
CUST00023,Female,0,43,No,DSL,59.53,2609.76,No
CUST00024,Female,0,2,Yes,DSL,75.58,162.02,Yes
CUST00025,Female,0,0,No,DSL,92.23,,Yes
CUST00026,Male,0,51,No,Fiber optic,46.45,1915.95,No
CUST00027,Male,0,1,No,DSL,107.46,100.48,Yes
CUST00028,Male,0,23,No,DSL,41.4,741.75,No
CUST00029,Male,1,19,Yes,DSL,28.41,540.5,No
CUST00030,Female,0,54,No,DSL,74.48,4454.83,No
CUST00031,Male,0,15,Yes,DSL,20.76,302.47,No
CUST00032,Male,0,34,No,Fiber optic,72.04,2663.63,Yes
CUST00033,Male,1,34,Yes,DSL,83.43,2502.93,No
CUST00034,Male,0,10,No,Fiber optic,69.6,730.87,No
CUST00035,Male,0,9,Yes,No,65.13,592.26,No
CUST00036,Male,0,1,No,Fiber optic,93.97,96.42,No
CUST00037,Female,0,56,Yes,No,32.87,2138.36,No
CUST00038,Male,0,8,No,No,95.82,745.06,Yes
CUST00039,Male,0,62,No,Fiber optic,38.28,2976.08,No
CUST00040,Male,0,48,No,No,97.71,4523.86,No
CUST00041,Male,0,5,No,DSL,78.04,425.06,Yes
CUST00042,Female,0,15,Yes,Fiber optic,90.83,1395.17,No
CUST00043,Male,1,8,Yes,Fiber optic,82.62,679.58,Yes
CUST00044,Female,0,21,No,Fiber optic,50.13,1166.51,No
CUST00045,Male,0,3,Yes,No,107.21,320.4,Yes
CUST00046,Male,0,10,No,Fiber optic,85.7,892.47,No
CUST00047,Female,0,7,No,Fiber optic,84.19,527.66,Yes
CUST00048,Female,0,51,Yes,DSL,99.06,4594.71,No
CUST00049,Female,0,41,Yes,Fiber optic,44.72,1762.0,Yes
CUST00050,Female,0,42,Yes,No,32.72,1286.92,No
CUST00051,Female,0,60,No,Fiber optic,69.24,3922.61,No
CUST00052,Female,0,12,No,Fiber optic,66.84,709.38,Yes
CUST00053,Female,0,32,No,Fiber optic,91.43,2607.47,No
CUST00054,Male,0,9,Yes,DSL,93.09,776.74,Yes
CUST00055,Male,0,10,Yes,Fiber optic,78.73,803.1,Yes
CUST00056,Female,0,53,No,DSL,82.9,4885.81,No
CUST00057,Female,1,52,Yes,Fiber optic,87.38,4274.57,Yes
CUST00058,Male,0,11,No,Fiber optic,99.73,1026.93,Yes
CUST00059,Female,0,69,Yes,DSL,58.72,3995.62,No
CUST00060,Female,0,4,Yes,Fiber optic,88.51,365.1,No
CUST00061,Male,0,40,No,DSL,49.53,2266.86,No
CUST00062,Male,1,2,Yes,Fiber optic,98.19,208.14,No
CUST00063,Female,0,37,Yes,DSL,38.97,1641.77,No
CUST00064,Female,0,4,No,DSL,108.03,410.2,No
CUST00065,Female,0,3,Yes,DSL,100.43,294.44,Yes
CUST00066,Male,0,3,Yes,DSL,61.55,211.65,No
CUST00067,Female,1,56,No,DSL,79.69,4411.52,No
CUST00068,Male,0,12,Yes,Fiber optic,64.92,873.59,No
CUST00069,Female,0,6,No,Fiber optic,63.52,420.96,Yes
CUST00070,Male,0,12,No,Fiber optic,58.01,584.67,Yes
CUST00071,Female,0,50,Yes,DSL,80.7,3753.96,No
CUST00072,Male,0,18,Yes,DSL,65.15,1194.97,No
CUST00073,Male,0,44,Yes,DSL,91.72,3660.66,No
CUST00074,Female,0,18,No,Fiber optic,93.72,1583.4,No
CUST00075,Male,0,67,No,DSL,58.2,4007.46,No
CUST00076,Female,0,15,Yes,Fiber optic,95.91,1345.35,Yes
CUST00077,Female,0,46,No,DSL,30.97,1423.57,No
CUST00078,Female,1,0,Yes,Fiber optic,88.94,,No
CUST00079,Female,0,3,Yes,Fiber optic,102.25,298.91,Yes
CUST00080,Male,0,11,Yes,Fiber optic,60.69,690.25,Yes
CUST00081,Male,0,53,Yes,Fiber optic,65.57,3091.7,No
CUST00082,Female,0,11,Yes,Fiber optic,107.16,1199.21,Yes
CUST00083,Male,0,6,No,No,94.14,507.44,Yes
CUST00084,Female,1,38,No,DSL,97.67,3984.69,No
CUST00085,Female,0,12,No,Fiber optic,77.75,827.55,No
CUST00086,Female,0,45,No,No,44.11,1705.33,No
CUST00087,Male,1,27,Yes,DSL,47.13,1042.25,Yes
CUST00088,Male,0,19,No,Fiber optic,38.35,890.12,No
CUST00089,Female,0,1,Yes,DSL,67.06,69.45,No
CUST00090,Female,0,37,No,DSL,83.17,3084.54,No
CUST00091,Male,0,23,No,No,49.7,976.31,No
CUST00092,Male,0,8,No,DSL,75.64,545.74,Yes
CUST00093,Female,0,9,No,DSL,76.29,686.98,Yes
CUST00094,Male,0,52,Yes,Fiber optic,41.57,1700.96,No
CUST00095,Female,0,13,No,No,45.26,526.46,No
CUST00096,Female,0,40,Yes,No,25.16,1318.93,No
CUST00097,Male,0,6,No,Fiber optic,75.0,483.26,Yes
CUST00098,Male,0,14,Yes,Fiber optic,97.21,1423.41,No
CUST00099,Male,0,1,No,Fiber optic,68.25,72.22,Yes
CUST00100,Male,0,12,No,Fiber optic,41.41,,Yes
CUST00101,Male,0,51,Yes,DSL,77.32,3796.23,No
CUST00102,Male,0,15,Yes,Fiber optic,35.12,558.81,No
CUST00103,Female,0,68,No,Fiber optic,50.94,4006.29,No
CUST00104,Female,0,67,Yes,Fiber optic,95.43,5897.56,No
CUST00105,Female,1,11,No,No,88.55,1001.72,Yes
CUST00106,Male,0,18,Yes,Fiber optic,82.05,1415.22,No
CUST00107,Male,0,72,Yes,Fiber optic,93.75,,No
CUST00108,Female,1,44,Yes,Fiber optic,36.5,1794.2,Yes
CUST00109,Female,0,47,Yes,DSL,38.81,1588.91,No
CUST00110,Female,1,49,No,No,36.49,1888.14,No
CUST00111,Female,0,24,Yes,DSL,44.96,1221.16,No
CUST00112,Male,0,11,Yes,Fiber optic,100.95,1144.93,Yes
CUST00113,Male,0,8,No,DSL,86.16,682.98,Yes
CUST00114,Male,0,42,No,DSL,76.02,3108.19,No
CUST00115,Male,1,49,Yes,Fiber optic,68.08,3159.56,No
CUST00116,Female,0,1,Yes,No,89.22,90.51,No
CUST00117,Male,1,0,Yes,Fiber optic,65.15,,Yes
CUST00118,Female,0,5,Yes,DSL,106.93,534.91,Yes
CUST00119,Female,0,0,No,No,62.35,,No
CUST00120,Female,0,61,No,Fiber optic,93.99,5528.05,Yes
CUST00121,Male,0,6,Yes,DSL,86.21,552.89,No
CUST00122,Male,0,2,No,DSL,66.48,130.58,No
CUST00123,Male,0,10,Yes,Fiber optic,89.28,947.46,Yes
CUST00124,Male,0,8,No,DSL,87.5,634.99,No
CUST00125,Male,0,35,Yes,Fiber optic,74.45,2872.01,No
CUST00126,Female,0,26,Yes,DSL,79.05,1882.9,No
CUST00127,Female,1,3,No,DSL,103.65,286.66,No
CUST00128,Female,0,43,No,No,65.19,2667.99,No
CUST00129,Female,0,50,Yes,Fiber optic,32.27,1860.43,No
CUST00130,Female,0,9,No,DSL,90.75,,No
CUST00131,Female,0,2,No,Fiber optic,83.46,168.14,Yes
CUST00132,Female,0,11,No,DSL,100.57,1189.08,No
CUST00133,Male,0,46,No,Fiber optic,77.32,3138.8,Yes
CUST00134,Male,0,10,No,Fiber optic,89.25,821.11,Yes
CUST00135,Male,0,5,No,DSL,66.59,295.21,No
CUST00136,Male,0,22,Yes,Fiber optic,63.72,1475.62,No
CUST00137,Female,0,33,No,DSL,91.41,2939.3,No
CUST00138,Female,0,64,Yes,DSL,31.29,1946.68,No
CUST00139,Female,0,23,No,Fiber optic,60.66,1351.57,No
CUST00140,Male,1,32,Yes,DSL,67.75,2232.73,Yes
CUST00141,Male,0,11,No,DSL,77.49,835.43,No
CUST00142,Female,1,45,No,DSL,33.94,1346.47,Yes
CUST00143,Female,0,16,No,DSL,28.08,605.06,No
CUST00144,Female,0,46,Yes,No,71.54,3503.6,No
CUST00145,Female,1,59,Yes,No,47.84,2454.55,No
CUST00146,Female,0,20,No,DSL,32.7,603.72,No
CUST00147,Female,1,44,No,Fiber optic,48.66,1939.77,Yes
CUST00148,Male,0,21,Yes,No,76.93,1581.92,No
CUST00149,Male,0,7,No,No,104.93,694.46,Yes
CUST00150,Female,0,41,Yes,DSL,34.43,1219.24,No
CUST00151,Male,0,2,No,Fiber optic,66.63,139.21,No
CUST00152,Female,0,61,Yes,DSL,34.83,2228.96,No
CUST00153,Male,1,48,Yes,Fiber optic,33.76,1530.41,Yes
CUST00154,Female,1,14,No,No,54.65,862.04,No
CUST00155,Male,0,0,Yes,DSL,62.85,,No
CUST00156,Male,1,34,No,DSL,53.58,2033.09,No
CUST00157,Female,0,10,No,DSL,62.89,670.72,No
CUST00158,Female,0,0,Yes,Fiber optic,91.46,,Yes
CUST00159,Male,0,17,Yes,DSL,24.53,457.15,No
CUST00160,Male,0,3,No,Fiber optic,83.4,241.34,No
CUST00161,Female,0,2,Yes,DSL,81.63,170.23,Yes
CUST00162,Female,0,42,No,Fiber optic,68.89,2884.18,No
CUST00163,Male,0,9,No,DSL,98.37,959.93,Yes
CUST00164,Male,0,2,Yes,No,97.87,185.55,Yes
CUST00165,Male,0,1,No,Fiber optic,94.89,87.76,Yes
CUST00166,Female,1,11,Yes,Fiber optic,95.42,1060.84,Yes
CUST00167,Female,0,56,Yes,DSL,27.83,1777.04,No
CUST00168,Female,0,1,No,Fiber optic,108.08,106.65,No
CUST00169,Male,0,21,Yes,Fiber optic,24.16,482.78,Yes
CUST00170,Female,0,23,Yes,DSL,61.09,1533.43,No
CUST00171,Female,0,4,Yes,No,62.31,241.28,No
CUST00172,Male,0,5,No,Fiber optic,72.67,344.49,Yes
CUST00173,Female,0,4,Yes,Fiber optic,98.42,427.33,Yes
CUST00174,Male,0,23,Yes,No,60.95,1308.74,No
CUST00175,Male,0,31,No,Fiber optic,24.71,643.8,No
CUST00176,Female,0,30,Yes,No,38.25,1044.91,No
CUST00177,Female,0,11,Yes,Fiber optic,94.13,972.77,Yes
CUST00178,Female,0,30,No,Fiber optic,87.85,2880.97,No
CUST00179,Female,0,20,Yes,Fiber optic,22.14,435.16,No
CUST00180,Female,0,14,No,No,93.37,1346.94,No
CUST00181,Male,0,53,No,Fiber optic,97.19,5580.14,Yes
CUST00182,Male,0,2,Yes,Fiber optic,70.39,122.58,No
CUST00183,Female,0,5,No,No,108.39,510.59,Yes
CUST00184,Female,0,4,Yes,Fiber optic,105.07,385.41,Yes
CUST00185,Female,0,2,No,DSL,102.85,194.65,No
CUST00186,Male,1,72,Yes,Fiber optic,46.99,3184.93,Yes
CUST00187,Female,0,38,Yes,Fiber optic,77.36,2696.67,No
CUST00188,Female,0,16,No,DSL,34.4,457.51,No
CUST00189,Male,0,70,Yes,Fiber optic,54.01,3718.02,No
CUST00190,Male,0,10,No,DSL,107.0,1085.19,No
CUST00191,Female,1,64,Yes,No,34.05,2226.07,No
CUST00192,Male,0,8,Yes,DSL,61.79,570.22,No
CUST00193,Female,0,64,Yes,Fiber optic,60.13,4366.54,No
CUST00194,Male,0,5,No,Fiber optic,67.07,297.37,No
CUST00195,Female,0,61,No,DSL,82.74,4444.19,No
CUST00196,Male,0,11,No,Fiber optic,100.04,1169.55,No
CUST00197,Female,0,2,No,DSL,96.98,202.05,No
CUST00198,Male,0,1,Yes,DSL,94.43,100.16,Yes
CUST00199,Male,0,28,No,DSL,41.21,1297.73,No
CUST00200,Male,0,36,No,DSL,94.46,,No
CUST00201,Female,1,7,Yes,DSL,60.23,,No
CUST00202,Male,0,70,No,Fiber optic,68.82,5110.67,No
CUST00203,Male,1,30,No,DSL,54.07,1809.48,No
CUST00204,Female,0,8,Yes,Fiber optic,86.01,688.99,No
CUST00205,Female,0,14,Yes,No,90.07,1387.84,No
CUST00206,Female,0,59,Yes,Fiber optic,84.35,5523.03,Yes
CUST00207,Male,0,26,Yes,Fiber optic,20.72,562.24,Yes
CUST00208,Male,0,70,No,Fiber optic,23.56,1475.88,No
CUST00209,Male,0,9,No,DSL,105.99,1022.8,Yes
CUST00210,Male,0,56,Yes,Fiber optic,89.98,5195.75,Yes
CUST00211,Male,0,1,Yes,DSL,95.44,87.8,No
CUST00212,Male,0,60,Yes,Fiber optic,20.13,788.03,Yes
CUST00213,Male,0,22,Yes,No,68.49,1721.29,No
CUST00214,Female,0,20,Yes,DSL,77.13,1623.69,No
CUST00215,Female,0,9,No,DSL,91.35,,Yes
CUST00216,Male,0,72,No,Fiber optic,40.54,3019.62,Yes
CUST00217,Male,0,33,No,Fiber optic,28.15,1172.99,No
CUST00218,Female,0,12,No,Fiber optic,33.76,293.51,Yes
CUST00219,Male,0,43,Yes,Fiber optic,30.69,1092.28,No
CUST00220,Female,0,4,Yes,Fiber optic,71.02,300.84,No
CUST00221,Male,0,10,Yes,DSL,105.29,1046.09,Yes
CUST00222,Male,1,13,No,Fiber optic,68.04,1013.57,No
CUST00223,Male,0,27,Yes,Fiber optic,81.72,2102.94,No
CUST00224,Male,0,42,No,DSL,43.53,1769.96,No
CUST00225,Female,0,23,Yes,No,58.18,1301.77,No
CUST00226,Male,0,3,No,DSL,72.99,243.66,Yes
CUST00227,Female,0,36,Yes,DSL,98.13,3481.35,No
CUST00228,Female,0,12,Yes,Fiber optic,48.76,469.68,No
CUST00229,Female,0,5,No,No,90.51,426.83,No
CUST00230,Female,1,47,Yes,Fiber optic,78.44,4064.85,No
CUST00231,Female,0,8,No,Fiber optic,98.96,826.9,Yes
CUST00232,Female,0,0,Yes,DSL,74.41,,No
CUST00233,Male,0,1,No,No,75.13,85.1,No
CUST00234,Female,0,11,No,DSL,107.36,1090.7,Yes
CUST00235,Female,0,9,No,Fiber optic,103.47,952.6,Yes
CUST00236,Male,0,15,Yes,No,47.25,709.85,No
CUST00237,Male,1,0,Yes,No,103.75,,No
CUST00238,Female,1,2,No,No,71.78,148.58,Yes
CUST00239,Male,1,20,Yes,No,78.74,1411.12,Yes
CUST00240,Female,0,60,Yes,DSL,84.19,4578.14,No
CUST00241,Female,0,0,No,No,89.57,,No
CUST00242,Female,0,54,No,Fiber optic,30.19,1540.15,Yes
CUST00243,Male,0,68,No,Fiber optic,33.05,2246.1,Yes
CUST00244,Male,0,22,No,Fiber optic,76.1,1531.62,Yes
CUST00245,Male,1,24,No,Fiber optic,71.44,1565.84,No
CUST00246,Female,0,55,No,Fiber optic,77.62,3824.25,No
CUST00247,Female,0,18,Yes,No,48.22,,No
CUST00248,Male,0,5,Yes,Fiber optic,80.58,365.66,Yes
CUST00249,Female,0,0,Yes,DSL,93.06,,No
CUST00250,Female,1,20,No,No,87.77,1589.54,No
CUST00251,Female,1,3,Yes,DSL,63.72,211.2,No
CUST00252,Female,0,56,No,No,28.66,2071.55,No
CUST00253,Male,0,0,Yes,No,71.52,,No
CUST00254,Male,1,2,No,DSL,82.08,,Yes
CUST00255,Male,0,17,Yes,Fiber optic,35.55,617.68,No
CUST00256,Female,0,2,Yes,No,83.26,170.85,No
CUST00257,Male,1,58,No,DSL,41.7,2951.01,No
CUST00258,Male,0,40,Yes,Fiber optic,61.61,2303.86,No
CUST00259,Female,0,4,No,Fiber optic,96.57,417.32,No
CUST00260,Male,1,28,No,DSL,87.94,2642.27,No
CUST00261,Female,0,30,Yes,DSL,89.44,2978.28,No
CUST00262,Male,0,71,Yes,DSL,57.43,4625.62,No
CUST00263,Male,0,15,No,DSL,51.36,876.81,No
CUST00264,Male,0,50,Yes,No,25.88,1028.28,No
CUST00265,Male,1,61,No,No,41.92,2383.38,No
CUST00266,Male,1,1,Yes,Fiber optic,68.35,59.86,Yes
CUST00267,Female,1,29,Yes,No,60.09,1900.98,No
CUST00268,Male,1,15,No,DSL,42.24,756.97,No
CUST00269,Male,0,1,Yes,Fiber optic,103.41,112.3,Yes
CUST00270,Female,0,36,Yes,DSL,47.36,1731.1,No
CUST00271,Male,0,57,No,DSL,90.35,4639.14,No
CUST00272,Female,1,8,Yes,Fiber optic,73.25,555.4,Yes
CUST00273,Male,0,31,Yes,No,83.03,2735.99,No
CUST00274,Female,0,10,Yes,Fiber optic,109.26,1003.19,No
CUST00275,Female,0,25,Yes,Fiber optic,66.78,1859.08,Yes
CUST00276,Male,0,39,No,Fiber optic,51.27,2338.9,Yes
CUST00277,Female,0,72,Yes,DSL,56.45,3688.18,No
CUST00278,Female,1,4,No,DSL,62.04,270.35,No
CUST00279,Male,0,31,Yes,Fiber optic,53.13,1596.79,No
CUST00280,Female,0,35,Yes,DSL,94.34,3186.89,No
CUST00281,Male,0,62,No,DSL,80.21,4737.16,No
CUST00282,Female,1,70,Yes,Fiber optic,48.36,4080.66,No
CUST00283,Female,0,12,Yes,Fiber optic,83.8,1113.13,No
CUST00284,Female,0,4,No,Fiber optic,79.14,337.7,No
CUST00285,Female,0,27,No,Fiber optic,29.35,794.31,Yes
CUST00286,Male,0,44,No,DSL,48.14,1782.42,No
CUST00287,Male,0,4,No,Fiber optic,83.26,350.96,No
CUST00288,Female,0,61,Yes,Fiber optic,45.24,,No
CUST00289,Male,0,69,No,No,70.51,4787.41,No
CUST00290,Female,0,51,No,Fiber optic,95.78,4774.56,No
CUST00291,Female,1,12,No,DSL,49.24,555.28,No
CUST00292,Male,0,10,Yes,No,61.98,670.05,No
CUST00293,Male,0,34,No,DSL,41.61,1183.38,No
CUST00294,Male,1,67,Yes,Fiber optic,50.71,2928.45,No
CUST00295,Male,0,0,No,DSL,67.71,,No
CUST00296,Female,1,41,No,DSL,46.58,1721.17,Yes
CUST00297,Male,0,63,Yes,Fiber optic,69.61,4599.14,Yes
CUST00298,Female,0,48,Yes,Fiber optic,62.97,2714.78,No
CUST00299,Male,0,8,No,No,78.64,556.16,Yes
CUST00300,Male,1,16,No,No,62.6,931.16,No
CUST00301,Male,1,15,Yes,No,94.99,1410.47,No
CUST00302,Male,0,1,Yes,Fiber optic,92.79,93.03,Yes
CUST00303,Male,1,46,No,Fiber optic,39.4,1602.43,No
CUST00304,Male,0,24,Yes,DSL,69.27,1717.76,No
CUST00305,Male,1,71,Yes,Fiber optic,63.01,3863.33,No
CUST00306,Female,0,48,Yes,DSL,55.6,3016.46,No
CUST00307,Male,0,49,No,No,59.29,2678.57,No
CUST00308,Female,0,59,Yes,No,73.58,,No
CUST00309,Female,0,8,No,Fiber optic,85.15,741.35,Yes
CUST00310,Male,0,37,No,No,45.93,1531.3,No
CUST00311,Male,0,63,Yes,No,80.46,4612.99,No
CUST00312,Male,0,29,Yes,DSL,76.77,2088.16,No
CUST00313,Male,0,3,No,DSL,65.16,217.9,No
CUST00314,Male,1,26,No,Fiber optic,60.44,1417.65,Yes
CUST00315,Female,0,12,No,Fiber optic,23.51,262.7,Yes
CUST00316,Female,0,43,Yes,DSL,29.83,1302.25,No
CUST00317,Male,0,12,Yes,Fiber optic,92.08,1089.26,No
CUST00318,Male,0,10,Yes,Fiber optic,73.19,669.51,Yes
CUST00319,Male,0,6,Yes,Fiber optic,66.75,403.53,Yes
CUST00320,Female,0,60,No,DSL,40.07,2875.85,No
CUST00321,Male,1,24,No,Fiber optic,23.35,509.69,Yes
CUST00322,Male,0,25,No,DSL,58.44,1644.52,No
CUST00323,Male,0,49,Yes,Fiber optic,85.85,4544.58,No
CUST00324,Male,0,35,No,Fiber optic,34.6,1188.34,Yes
CUST00325,Female,0,69,Yes,No,68.62,,No
CUST00326,Female,1,40,Yes,Fiber optic,40.91,1912.74,Yes
CUST00327,Male,1,20,Yes,No,61.21,1290.08,Yes
CUST00328,Female,0,5,No,Fiber optic,102.32,462.7,No
CUST00329,Male,0,6,No,Fiber optic,72.64,464.07,Yes
CUST00330,Male,0,4,No,DSL,88.71,346.3,No
CUST00331,Female,0,34,Yes,Fiber optic,66.32,2472.66,Yes
CUST00332,Male,0,5,No,Fiber optic,101.88,477.19,No
CUST00333,Male,1,26,No,Fiber optic,85.39,2012.13,Yes
CUST00334,Male,0,64,No,No,95.2,6485.41,No
CUST00335,Female,0,20,No,No,53.88,1038.46,No
CUST00336,Female,0,60,Yes,Fiber optic,22.27,1536.69,No
CUST00337,Female,0,5,Yes,DSL,70.6,345.7,Yes
CUST00338,Female,0,0,Yes,No,98.43,,Yes
CUST00339,Male,1,37,Yes,Fiber optic,25.12,1031.21,Yes
CUST00340,Male,0,8,Yes,Fiber optic,68.92,524.52,No
CUST00341,Female,0,3,No,Fiber optic,79.76,251.03,Yes
CUST00342,Female,0,29,Yes,DSL,80.46,2296.53,No
CUST00343,Male,0,27,Yes,Fiber optic,27.2,710.4,No
CUST00344,Male,0,46,Yes,Fiber optic,23.61,967.14,No
CUST00345,Male,1,23,No,No,78.09,1987.26,No
CUST00346,Female,0,2,No,No,80.86,155.45,Yes
CUST00347,Female,0,28,Yes,Fiber optic,82.14,2365.78,Yes
CUST00348,Male,0,4,Yes,DSL,83.08,328.57,No
CUST00349,Female,1,8,Yes,DSL,67.5,481.42,No
CUST00350,Male,1,47,No,DSL,83.52,4349.55,Yes
CUST00351,Female,1,37,Yes,Fiber optic,86.28,3345.2,Yes
CUST00352,Female,0,1,No,DSL,104.85,114.52,No
CUST00353,Male,1,7,No,Fiber optic,94.68,720.58,No
CUST00354,Female,1,43,No,Fiber optic,41.88,1677.95,No
CUST00355,Male,0,26,No,Fiber optic,22.43,778.75,Yes
CUST00356,Male,0,57,No,No,48.88,2501.73,No
CUST00357,Female,0,29,Yes,DSL,51.88,1457.46,No
CUST00358,Female,1,71,Yes,DSL,23.03,2300.32,No
CUST00359,Female,0,38,Yes,DSL,40.21,1740.49,No
CUST00360,Male,1,33,Yes,No,28.39,751.77,Yes
CUST00361,Male,0,0,Yes,DSL,94.77,,No
CUST00362,Male,1,59,No,DSL,50.1,2558.88,No
CUST00363,Female,0,27,No,DSL,38.0,1040.25,No
CUST00364,Male,0,0,No,No,97.5,,Yes
CUST00365,Female,1,61,No,DSL,69.34,3957.74,No
CUST00366,Female,0,55,No,Fiber optic,71.47,4121.71,No
CUST00367,Male,0,4,Yes,No,94.89,394.97,No
CUST00368,Male,0,10,Yes,Fiber optic,62.66,708.12,No
CUST00369,Female,1,44,No,DSL,92.03,4431.26,No
CUST00370,Male,0,41,No,Fiber optic,54.91,2248.28,No
CUST00371,Female,1,21,Yes,DSL,49.47,945.87,No
CUST00372,Male,0,68,Yes,DSL,35.82,2422.6,No
CUST00373,Female,0,65,No,No,31.79,2432.14,No
CUST00374,Female,0,51,No,DSL,96.11,4569.33,No
CUST00375,Female,1,12,Yes,Fiber optic,93.59,,No
CUST00376,Male,0,5,No,Fiber optic,70.19,347.0,Yes
CUST00377,Female,0,70,Yes,No,89.09,5745.11,No
CUST00378,Male,0,0,No,Fiber optic,82.14,,Yes
CUST00379,Male,0,0,No,Fiber optic,93.53,,Yes
CUST00380,Male,0,8,No,Fiber optic,90.81,655.02,Yes
CUST00381,Male,1,2,Yes,No,74.76,164.93,No
CUST00382,Male,0,53,No,DSL,51.71,2809.08,No
CUST00383,Male,1,10,Yes,DSL,97.74,938.02,No
CUST00384,Male,1,46,Yes,Fiber optic,78.74,,No
CUST00385,Male,0,45,Yes,DSL,54.63,2650.6,No
CUST00386,Female,1,62,Yes,DSL,36.78,1998.44,No
CUST00387,Male,0,17,No,No,66.01,968.58,No
CUST00388,Female,0,11,No,Fiber optic,66.16,,No
CUST00389,Male,0,47,No,DSL,53.88,2873.15,No
CUST00390,Female,0,39,Yes,DSL,68.02,3042.57,No
CUST00391,Male,1,1,No,Fiber optic,68.96,72.81,Yes
CUST00392,Female,0,0,Yes,No,65.25,,No
CUST00393,Female,0,7,Yes,DSL,64.65,495.63,No
CUST00394,Female,1,22,Yes,No,50.73,967.75,No
CUST00395,Male,0,29,Yes,Fiber optic,38.33,1273.25,Yes
CUST00396,Male,0,5,Yes,DSL,66.37,348.98,No
CUST00397,Female,0,12,Yes,No,84.78,946.08,No
CUST00398,Male,1,62,No,DSL,81.99,5653.51,No
CUST00399,Male,0,47,Yes,DSL,27.12,1441.76,No
CUST00400,Female,0,14,Yes,Fiber optic,49.01,725.69,Yes
CUST00401,Male,0,21,Yes,Fiber optic,59.91,,Yes
CUST00402,Female,0,4,Yes,Fiber optic,60.72,224.53,No
CUST00403,Male,0,48,Yes,Fiber optic,78.67,3456.1,No
CUST00404,Female,0,60,Yes,DSL,26.11,2064.35,No
CUST00405,Female,1,28,Yes,No,25.48,634.95,No
CUST00406,Female,0,43,Yes,No,69.88,2856.55,No
CUST00407,Female,0,69,No,No,85.68,6274.05,No
CUST00408,Female,0,10,No,Fiber optic,66.02,586.76,No
CUST00409,Female,0,54,No,DSL,42.08,2570.05,No
CUST00410,Female,0,23,No,No,43.02,1018.27,No
CUST00411,Male,0,26,Yes,No,30.47,999.22,No
CUST00412,Male,0,61,No,Fiber optic,79.9,5257.2,No
CUST00413,Female,0,56,Yes,DSL,61.1,3409.19,No
CUST00414,Male,0,3,Yes,No,89.24,271.49,Yes
CUST00415,Male,0,11,No,DSL,84.55,822.19,No
CUST00416,Male,0,28,No,Fiber optic,64.85,1728.79,No
CUST00417,Female,1,22,Yes,Fiber optic,25.98,508.26,No
CUST00418,Male,0,11,Yes,DSL,62.21,649.0,No
CUST00419,Male,0,30,No,No,67.92,1870.13,No
CUST00420,Male,0,7,No,DSL,70.86,426.73,Yes
CUST00421,Male,0,3,No,Fiber optic,108.83,347.23,Yes
CUST00422,Female,0,6,Yes,DSL,75.62,401.72,Yes
CUST00423,Male,0,1,Yes,DSL,81.63,88.54,No
CUST00424,Male,0,40,No,Fiber optic,99.08,4082.88,No
CUST00425,Male,0,61,Yes,DSL,29.75,1599.45,No
CUST00426,Male,0,26,No,Fiber optic,44.84,1344.69,No
CUST00427,Female,0,5,No,DSL,77.22,434.36,No
CUST00428,Male,0,9,No,Fiber optic,66.74,587.03,Yes
CUST00429,Female,0,50,No,Fiber optic,42.95,1972.03,No
CUST00430,Female,0,33,No,Fiber optic,93.1,3247.84,Yes
CUST00431,Female,1,11,No,DSL,99.72,1163.83,Yes
CUST00432,Female,0,32,Yes,No,64.96,2367.17,No
CUST00433,Male,0,64,Yes,DSL,89.7,5570.07,No
CUST00434,Female,0,32,Yes,Fiber optic,65.5,1851.32,No
CUST00435,Male,0,3,Yes,Fiber optic,101.33,302.08,Yes
CUST00436,Male,0,37,Yes,No,38.35,1725.99,No
CUST00437,Female,0,19,No,No,75.72,1296.27,No
CUST00438,Male,0,9,Yes,DSL,76.41,694.81,Yes
CUST00439,Male,0,47,No,No,55.43,2236.94,No
CUST00440,Female,0,10,No,Fiber optic,69.55,747.14,No
CUST00441,Male,1,0,No,DSL,96.51,,Yes
CUST00442,Female,1,72,No,Fiber optic,49.34,3229.61,Yes
CUST00443,Male,1,8,No,No,81.98,659.69,Yes
CUST00444,Male,0,1,Yes,No,79.2,79.03,Yes
CUST00445,Male,0,49,Yes,DSL,79.18,3926.39,No
CUST00446,Male,0,11,Yes,Fiber optic,108.07,1181.51,No
CUST00447,Female,0,69,No,DSL,89.8,6178.53,No
CUST00448,Female,0,62,No,Fiber optic,98.0,5878.78,No
CUST00449,Male,0,45,No,DSL,25.86,1125.94,No
CUST00450,Female,1,61,No,DSL,70.18,4862.74,No
CUST00451,Male,0,2,Yes,DSL,88.2,,Yes
CUST00452,Male,1,4,No,Fiber optic,93.73,345.69,Yes
CUST00453,Male,0,18,Yes,DSL,75.83,1506.65,No
CUST00454,Male,1,4,Yes,DSL,77.25,277.1,Yes
CUST00455,Female,0,63,Yes,DSL,58.57,3770.57,No
CUST00456,Male,1,2,No,DSL,103.88,,Yes
CUST00457,Male,1,22,No,No,96.54,,No
CUST00458,Male,1,10,No,DSL,94.72,931.46,Yes
CUST00459,Female,0,4,No,Fiber optic,83.04,369.59,Yes
CUST00460,Male,0,1,No,No,88.7,89.03,Yes
CUST00461,Female,1,22,No,Fiber optic,83.33,1969.34,Yes
CUST00462,Female,0,9,No,Fiber optic,107.62,955.74,No
CUST00463,Male,0,12,No,DSL,96.09,1104.78,No
CUST00464,Female,0,35,Yes,DSL,73.02,2666.37,No
CUST00465,Male,1,39,Yes,No,69.15,2788.11,No
CUST00466,Male,0,69,Yes,No,40.33,3049.55,No
CUST00467,Male,0,38,Yes,Fiber optic,44.67,1758.53,No
CUST00468,Male,0,14,No,No,53.59,690.11,No
CUST00469,Male,0,27,No,DSL,44.39,1134.45,No
CUST00470,Male,0,3,Yes,DSL,104.75,317.62,No
CUST00471,Male,0,7,Yes,DSL,61.63,437.1,No
CUST00472,Male,1,1,Yes,DSL,105.82,105.21,Yes
CUST00473,Female,0,58,Yes,DSL,60.36,3704.23,No
CUST00474,Female,0,65,No,Fiber optic,43.02,2572.54,No
CUST00475,Female,0,44,Yes,Fiber optic,87.49,3417.33,No
CUST00476,Male,0,28,No,DSL,24.97,702.17,No
CUST00477,Female,0,49,No,DSL,88.81,4787.62,No
CUST00478,Male,0,3,Yes,Fiber optic,60.84,209.07,No
CUST00479,Male,0,51,No,DSL,97.48,4811.43,No
CUST00480,Female,0,71,No,No,42.33,3424.69,No
CUST00481,Female,0,29,No,Fiber optic,82.66,2209.25,Yes
CUST00482,Male,0,4,No,DSL,91.28,382.46,No
CUST00483,Female,0,4,No,DSL,104.61,,Yes
CUST00484,Male,0,54,No,No,97.52,4781.93,No
CUST00485,Male,1,12,Yes,No,81.78,916.56,No
CUST00486,Female,0,16,Yes,DSL,76.28,1158.82,No
CUST00487,Male,0,56,Yes,DSL,84.38,4331.69,No
CUST00488,Male,0,16,Yes,No,41.51,799.43,No
CUST00489,Male,1,2,Yes,Fiber optic,77.83,146.22,No
CUST00490,Female,0,57,No,No,20.69,1475.17,No
CUST00491,Female,0,12,No,DSL,20.14,183.7,No
CUST00492,Male,0,2,No,DSL,62.66,132.3,No
CUST00493,Male,0,34,No,Fiber optic,30.88,1294.82,No
CUST00494,Female,0,13,Yes,Fiber optic,62.38,761.39,Yes
CUST00495,Female,0,36,Yes,Fiber optic,66.08,2163.12,No
CUST00496,Female,0,10,Yes,DSL,75.56,748.2,No
CUST00497,Male,0,14,Yes,No,55.64,855.27,No
CUST00498,Male,0,20,Yes,Fiber optic,75.32,1627.0,No
CUST00499,Female,0,16,No,No,54.47,1024.8,No
CUST00500,Female,1,41,No,DSL,30.72,1287.2,No
CUST00501,Female,1,56,No,DSL,60.33,3091.91,No
CUST00502,Female,1,6,No,No,87.48,564.51,Yes
CUST00503,Male,0,19,No,DSL,35.56,625.5,No
CUST00504,Female,1,51,No,Fiber optic,86.52,4008.77,No
CUST00505,Female,0,56,Yes,No,95.94,5250.13,No
CUST00506,Female,0,7,Yes,Fiber optic,78.84,493.05,No
CUST00507,Female,0,69,No,DSL,79.95,5601.26,No
CUST00508,Male,1,21,No,DSL,91.86,2068.68,No
CUST00509,Female,0,4,No,DSL,86.12,308.5,Yes
CUST00510,Female,0,14,No,DSL,84.35,1232.94,No
CUST00511,Male,0,8,No,Fiber optic,85.53,695.41,Yes
CUST00512,Female,0,60,No,Fiber optic,27.09,1485.36,No
CUST00513,Male,0,10,No,No,107.95,1046.47,No
CUST00514,Male,1,6,Yes,No,98.11,563.54,Yes
CUST00515,Male,0,34,Yes,DSL,64.08,2014.49,No
CUST00516,Female,0,29,No,Fiber optic,71.74,,No
CUST00517,Male,1,12,No,Fiber optic,91.67,1010.76,Yes
CUST00518,Male,1,32,Yes,Fiber optic,44.49,,No
CUST00519,Female,0,58,No,DSL,73.04,4199.43,No
CUST00520,Male,0,26,Yes,No,75.94,1776.67,No
CUST00521,Female,0,11,No,DSL,88.39,971.59,No
CUST00522,Female,1,23,No,DSL,87.36,2219.12,No
CUST00523,Male,0,64,No,No,38.15,2535.14,No
CUST00524,Male,1,32,Yes,DSL,46.18,,No
CUST00525,Female,0,69,No,DSL,97.35,6065.9,No
CUST00526,Female,0,32,Yes,Fiber optic,95.39,2947.82,Yes
CUST00527,Male,0,12,Yes,No,55.15,722.22,No
CUST00528,Male,1,6,No,No,93.69,588.21,No
CUST00529,Female,0,26,No,DSL,47.78,1253.87,No
CUST00530,Female,1,71,No,No,66.25,4847.39,No
CUST00531,Female,0,24,No,DSL,38.03,987.85,No
CUST00532,Male,0,29,Yes,Fiber optic,27.13,906.34,No
CUST00533,Female,0,55,No,Fiber optic,65.56,,No
CUST00534,Female,1,51,Yes,DSL,69.7,3488.85,No
CUST00535,Female,0,14,Yes,Fiber optic,27.03,376.65,No
CUST00536,Male,1,44,Yes,Fiber optic,28.6,1466.8,Yes
CUST00537,Male,1,18,Yes,DSL,64.69,1306.72,Yes
CUST00538,Female,0,16,No,No,91.61,1343.61,No
CUST00539,Male,1,61,Yes,Fiber optic,80.31,4865.6,No
CUST00540,Male,0,6,Yes,Fiber optic,100.33,648.72,No
CUST00541,Female,0,1,No,DSL,79.16,78.21,Yes
CUST00542,Male,1,8,Yes,Fiber optic,67.13,609.93,No
CUST00543,Male,1,61,No,DSL,24.76,906.69,No
CUST00544,Female,0,47,Yes,DSL,62.6,3089.63,No
CUST00545,Female,0,50,No,Fiber optic,69.67,3431.6,No
CUST00546,Male,0,43,No,Fiber optic,94.46,4011.48,No
CUST00547,Male,0,42,No,DSL,41.96,1990.13,No
CUST00548,Female,0,7,No,DSL,60.44,357.95,No
CUST00549,Female,0,33,Yes,DSL,66.48,1950.61,No
CUST00550,Male,0,31,Yes,DSL,58.2,,No
CUST00551,Male,1,58,No,No,83.19,4846.19,No
CUST00552,Female,0,10,No,No,89.6,832.63,No
CUST00553,Female,0,6,Yes,No,67.04,415.77,No
CUST00554,Male,0,12,Yes,DSL,90.53,,No
CUST00555,Male,0,2,No,DSL,95.65,173.62,Yes
CUST00556,Male,0,2,Yes,Fiber optic,76.31,,No
CUST00557,Female,0,42,No,Fiber optic,66.8,2887.62,Yes
CUST00558,Male,0,69,No,DSL,41.94,2485.12,No
CUST00559,Male,0,10,Yes,DSL,88.25,849.63,No
CUST00560,Female,0,66,Yes,No,36.84,2962.89,No
CUST00561,Female,1,12,No,No,36.01,542.03,Yes
CUST00562,Male,0,14,Yes,DSL,50.23,709.48,No
CUST00563,Male,0,16,Yes,DSL,88.81,1349.99,No
CUST00564,Female,1,11,Yes,DSL,94.1,1057.9,No
CUST00565,Female,1,40,Yes,Fiber optic,78.13,3058.97,No
CUST00566,Female,0,53,Yes,DSL,24.54,1131.5,No
CUST00567,Male,1,6,Yes,DSL,65.35,332.97,Yes
CUST00568,Male,0,69,Yes,DSL,91.64,5861.06,No
CUST00569,Female,0,8,Yes,DSL,72.6,572.93,Yes
CUST00570,Male,0,8,Yes,No,92.41,771.42,Yes
CUST00571,Male,1,46,No,DSL,27.86,1574.74,No
CUST00572,Female,0,27,No,DSL,76.08,1831.51,No
CUST00573,Female,0,52,Yes,DSL,78.12,3884.73,No
CUST00574,Female,0,36,No,DSL,57.03,2194.46,No
CUST00575,Female,0,36,Yes,No,78.88,3139.4,No
CUST00576,Female,0,14,Yes,No,40.09,623.14,No
CUST00577,Male,0,31,No,Fiber optic,24.79,976.2,Yes
CUST00578,Male,0,7,Yes,No,91.02,,Yes
CUST00579,Female,0,8,No,Fiber optic,95.62,806.92,Yes
CUST00580,Female,0,15,Yes,DSL,61.17,885.26,No
CUST00581,Male,0,41,Yes,Fiber optic,34.15,1492.87,No
CUST00582,Male,0,43,Yes,Fiber optic,32.01,1777.59,Yes
CUST00583,Female,0,3,Yes,DSL,63.8,191.08,No
CUST00584,Female,0,2,Yes,Fiber optic,94.04,188.73,No
CUST00585,Male,0,6,No,Fiber optic,90.3,524.25,Yes
CUST00586,Female,0,64,Yes,DSL,93.52,5768.38,No
CUST00587,Male,1,8,No,DSL,77.23,642.23,No
CUST00588,Female,0,6,No,Fiber optic,61.14,,No
CUST00589,Female,0,33,Yes,Fiber optic,97.53,3252.47,No
CUST00590,Female,0,51,No,No,67.27,2983.15,No
CUST00591,Male,1,36,Yes,DSL,55.14,2207.45,No
CUST00592,Male,0,26,No,No,21.51,645.91,No
CUST00593,Male,1,38,Yes,Fiber optic,31.07,1157.72,Yes
CUST00594,Female,0,61,No,Fiber optic,73.73,3935.48,Yes
CUST00595,Female,0,28,No,No,79.72,2326.77,No
CUST00596,Female,0,30,Yes,DSL,96.62,2696.15,No
CUST00597,Male,0,18,Yes,No,89.2,1676.58,No
CUST00598,Female,0,64,Yes,No,26.91,1770.75,No
CUST00599,Female,0,66,Yes,DSL,99.65,6224.32,No
CUST00600,Female,0,12,No,No,90.14,1044.7,No
CUST00601,Male,0,23,No,Fiber optic,60.94,1469.25,No
CUST00602,Male,0,65,No,DSL,41.73,2408.43,No
CUST00603,Male,1,5,Yes,DSL,60.53,321.71,No
CUST00604,Male,0,31,No,Fiber optic,91.36,2585.62,Yes
CUST00605,Male,0,2,No,DSL,72.03,149.13,No
CUST00606,Male,0,8,Yes,Fiber optic,105.38,,No
CUST00607,Male,1,35,No,Fiber optic,58.35,1705.75,No
CUST00608,Male,1,4,No,No,101.89,431.82,Yes
CUST00609,Male,0,69,No,No,65.27,4117.33,No
CUST00610,Male,0,33,Yes,DSL,62.0,1986.13,No
CUST00611,Female,0,11,Yes,No,103.5,1151.89,No
CUST00612,Male,0,10,Yes,DSL,90.37,886.0,Yes
CUST00613,Male,0,10,No,DSL,82.76,771.37,No
CUST00614,Male,1,35,Yes,Fiber optic,95.8,3078.5,No
CUST00615,Male,0,57,No,DSL,34.61,1893.9,No
CUST00616,Female,0,65,No,DSL,66.76,4297.09,No
CUST00617,Male,0,35,Yes,DSL,54.67,2247.68,No
CUST00618,Male,0,48,No,Fiber optic,48.39,,No
CUST00619,Female,1,47,No,No,34.69,1261.82,No
CUST00620,Female,0,18,Yes,Fiber optic,51.15,922.6,No
CUST00621,Female,0,58,No,Fiber optic,26.6,1899.31,No
CUST00622,Male,0,0,Yes,DSL,67.29,,No
CUST00623,Male,0,12,No,Fiber optic,93.67,1164.46,No
CUST00624,Female,0,3,No,DSL,60.7,153.16,No
CUST00625,Male,0,71,No,DSL,40.54,3121.02,No
CUST00626,Male,0,52,No,DSL,82.96,4595.96,No
CUST00627,Male,0,43,No,Fiber optic,95.62,3822.05,No
CUST00628,Female,1,4,No,Fiber optic,94.95,356.62,No
CUST00629,Male,0,8,Yes,DSL,64.37,481.4,No
CUST00630,Male,0,10,No,Fiber optic,84.04,937.94,No
CUST00631,Male,1,71,No,Fiber optic,61.03,3715.1,No
CUST00632,Female,0,6,No,DSL,87.63,526.78,Yes
CUST00633,Female,1,62,No,DSL,39.26,2225.42,No
CUST00634,Male,0,12,No,No,66.04,755.12,No
CUST00635,Male,0,2,Yes,No,83.09,154.29,No
CUST00636,Female,0,67,Yes,Fiber optic,49.9,3745.02,No
CUST00637,Female,0,12,No,Fiber optic,83.95,1113.35,No
CUST00638,Male,1,69,Yes,Fiber optic,29.15,1442.4,No
CUST00639,Female,0,48,Yes,No,87.91,4264.48,No
CUST00640,Female,0,32,No,DSL,76.68,2178.89,No
CUST00641,Male,0,8,Yes,DSL,96.34,793.09,No
CUST00642,Male,0,23,No,DSL,87.1,2142.13,No
CUST00643,Male,0,58,Yes,Fiber optic,64.04,3768.31,No
CUST00644,Female,1,8,Yes,DSL,65.93,535.03,Yes
CUST00645,Male,0,10,Yes,DSL,73.25,719.53,Yes
CUST00646,Female,1,7,Yes,DSL,89.39,557.2,Yes
CUST00647,Male,0,12,No,DSL,29.54,412.49,No
CUST00648,Male,0,59,Yes,Fiber optic,58.59,3712.4,Yes
CUST00649,Female,0,28,No,DSL,81.72,2352.81,No
CUST00650,Female,0,24,Yes,DSL,42.38,1228.06,No
CUST00651,Female,1,55,Yes,DSL,82.25,4619.22,No
CUST00652,Male,0,1,No,Fiber optic,66.64,69.47,No
CUST00653,Male,1,32,No,Fiber optic,63.34,1915.72,No
CUST00654,Female,0,8,Yes,Fiber optic,98.08,742.56,Yes
CUST00655,Female,1,7,No,Fiber optic,69.56,437.9,No
CUST00656,Male,1,29,No,Fiber optic,97.93,2900.75,No
CUST00657,Male,0,50,Yes,DSL,25.87,1260.01,No
CUST00658,Female,0,31,No,DSL,84.95,2681.37,No
CUST00659,Male,0,15,Yes,No,63.91,992.33,No
CUST00660,Female,1,8,Yes,DSL,88.31,703.06,Yes
CUST00661,Female,0,9,No,Fiber optic,77.45,758.74,Yes
CUST00662,Female,1,1,Yes,Fiber optic,63.86,71.69,No
CUST00663,Male,1,43,Yes,DSL,79.85,3616.63,No
CUST00664,Female,0,55,No,Fiber optic,66.61,3778.43,No
CUST00665,Male,0,5,Yes,Fiber optic,91.64,456.01,No
CUST00666,Female,0,3,No,No,109.46,355.08,No
CUST00667,Female,0,6,No,Fiber optic,108.35,689.32,No
CUST00668,Female,0,5,No,DSL,67.79,337.34,No
CUST00669,Female,0,27,Yes,Fiber optic,93.53,2623.06,No
CUST00670,Female,0,9,Yes,Fiber optic,63.11,610.72,No
CUST00671,Male,0,26,No,DSL,79.48,2158.61,No
CUST00672,Female,0,5,Yes,Fiber optic,64.22,342.38,No
CUST00673,Female,0,3,Yes,DSL,90.98,286.26,Yes
CUST00674,Male,0,12,No,Fiber optic,21.73,236.08,Yes
CUST00675,Male,0,0,No,No,94.75,,No
CUST00676,Male,0,38,Yes,No,93.84,3322.7,No
CUST00677,Female,0,1,Yes,No,108.92,102.15,No
CUST00678,Female,0,46,Yes,Fiber optic,30.9,1511.95,Yes
CUST00679,Male,0,3,No,Fiber optic,87.44,271.67,Yes
CUST00680,Female,0,51,Yes,Fiber optic,95.87,4927.29,Yes
CUST00681,Female,1,0,No,No,86.22,,No
CUST00682,Female,0,53,Yes,No,74.75,3483.69,No
CUST00683,Male,1,12,No,Fiber optic,40.87,492.04,No
CUST00684,Female,0,39,Yes,Fiber optic,38.81,,Yes
CUST00685,Male,0,32,Yes,No,72.0,2209.85,No
CUST00686,Female,0,40,No,DSL,42.12,1989.38,No
CUST00687,Male,0,3,No,DSL,83.58,258.73,No
CUST00688,Female,0,6,No,Fiber optic,63.15,431.02,No
CUST00689,Female,1,8,Yes,Fiber optic,78.04,646.66,Yes
CUST00690,Female,0,20,No,DSL,90.17,1845.11,No
CUST00691,Female,0,53,No,Fiber optic,77.06,3878.28,No
CUST00692,Male,0,32,Yes,Fiber optic,37.48,,No
CUST00693,Female,1,38,No,Fiber optic,37.62,1753.9,No
CUST00694,Female,0,72,No,DSL,74.35,4999.48,No
CUST00695,Female,0,5,No,No,63.25,340.71,No
CUST00696,Female,0,22,Yes,Fiber optic,34.45,791.37,No
CUST00697,Female,1,29,No,DSL,78.44,2179.59,No
CUST00698,Female,0,7,No,DSL,63.26,383.57,No
CUST00699,Female,0,6,Yes,Fiber optic,100.22,609.38,Yes
CUST00700,Male,0,34,Yes,DSL,59.03,1691.31,No
CUST00701,Female,0,45,Yes,DSL,20.74,664.86,No
CUST00702,Female,0,52,Yes,Fiber optic,71.52,3783.83,Yes
CUST00703,Male,0,19,Yes,Fiber optic,70.19,1167.42,No
CUST00704,Female,0,12,No,Fiber optic,56.73,723.82,No
CUST00705,Male,0,70,Yes,No,41.05,2415.33,No
CUST00706,Female,0,36,No,Fiber optic,85.47,2875.57,No
CUST00707,Female,0,10,No,DSL,89.85,847.45,No
CUST00708,Male,0,29,No,Fiber optic,55.95,1351.55,Yes
CUST00709,Female,0,46,No,Fiber optic,22.43,1065.29,Yes
CUST00710,Female,0,30,No,No,50.02,1600.0,No
CUST00711,Male,0,8,Yes,Fiber optic,73.25,612.1,Yes
CUST00712,Male,0,61,Yes,Fiber optic,54.36,3017.07,No
CUST00713,Male,0,54,Yes,DSL,38.44,1612.13,No
CUST00714,Male,0,1,No,DSL,93.16,95.19,Yes
CUST00715,Female,0,63,Yes,DSL,73.09,4849.12,No
CUST00716,Male,0,12,No,DSL,53.28,724.21,No
CUST00717,Male,1,46,No,No,48.09,2129.44,No
CUST00718,Female,0,25,Yes,Fiber optic,71.08,1849.42,Yes
CUST00719,Female,0,46,No,Fiber optic,44.27,1730.66,No
CUST00720,Male,0,54,Yes,DSL,45.37,2667.2,No
CUST00721,Female,0,50,Yes,Fiber optic,99.84,5335.15,No
CUST00722,Female,1,19,Yes,No,44.91,724.54,Yes
CUST00723,Female,1,25,Yes,DSL,67.9,1647.23,No
CUST00724,Female,0,8,Yes,No,82.04,729.91,Yes
CUST00725,Male,0,23,No,No,45.15,1245.84,No
CUST00726,Female,0,11,No,DSL,92.28,944.56,No
CUST00727,Female,1,9,Yes,DSL,77.44,683.3,Yes
CUST00728,Female,0,4,Yes,No,91.84,355.69,No
CUST00729,Male,0,2,No,No,106.01,192.17,No
CUST00730,Female,1,3,No,DSL,105.73,292.81,Yes
CUST00731,Male,1,8,No,DSL,95.24,779.03,No
CUST00732,Male,0,29,No,DSL,43.15,1298.77,No
CUST00733,Female,1,4,Yes,Fiber optic,82.93,294.04,Yes
CUST00734,Male,0,17,Yes,Fiber optic,43.86,756.52,No
CUST00735,Female,0,12,Yes,No,45.34,519.27,No
CUST00736,Female,0,0,No,No,66.51,,No
CUST00737,Female,0,12,Yes,DSL,58.23,809.3,No
CUST00738,Female,0,0,Yes,Fiber optic,81.12,,Yes
CUST00739,Male,0,12,No,Fiber optic,76.89,1024.74,No
CUST00740,Male,1,11,No,DSL,87.02,981.61,Yes
CUST00741,Female,0,36,Yes,DSL,37.76,1332.27,No
CUST00742,Female,0,26,Yes,DSL,60.6,1381.71,No
CUST00743,Female,0,28,Yes,No,29.0,821.94,No
CUST00744,Female,0,52,Yes,Fiber optic,84.69,4203.81,No
CUST00745,Female,0,72,Yes,DSL,49.33,4138.12,No
CUST00746,Male,0,23,Yes,DSL,87.52,2111.04,No
CUST00747,Female,0,47,No,Fiber optic,73.86,3644.33,No
CUST00748,Male,0,7,No,No,67.19,531.18,No
CUST00749,Female,1,49,No,Fiber optic,56.73,2822.93,No
CUST00750,Female,0,58,No,No,34.83,1725.86,No
CUST00751,Male,0,35,Yes,DSL,63.39,2050.01,No
CUST00752,Female,0,10,No,DSL,70.2,787.68,No
CUST00753,Female,1,0,Yes,DSL,95.73,,Yes
CUST00754,Male,1,24,Yes,Fiber optic,80.29,1711.23,Yes
CUST00755,Female,0,27,No,DSL,84.78,2035.33,No
CUST00756,Female,0,66,Yes,Fiber optic,76.97,5179.03,No
CUST00757,Male,0,9,Yes,Fiber optic,84.65,830.93,Yes
CUST00758,Male,0,16,Yes,DSL,72.24,1122.45,No
CUST00759,Female,0,18,Yes,DSL,55.94,894.27,No
CUST00760,Male,0,12,No,No,25.54,289.67,No
CUST00761,Female,1,7,No,DSL,87.72,681.04,Yes
CUST00762,Female,0,41,Yes,DSL,86.81,,No
CUST00763,Male,0,60,No,Fiber optic,65.61,3837.85,Yes
CUST00764,Female,1,10,Yes,Fiber optic,103.76,969.6,No
CUST00765,Male,0,14,No,Fiber optic,42.94,473.15,No
CUST00766,Male,0,46,No,Fiber optic,99.85,4623.15,No
CUST00767,Female,1,40,Yes,Fiber optic,32.36,1134.58,Yes
CUST00768,Female,0,38,No,Fiber optic,67.34,2412.05,No
CUST00769,Male,0,3,No,DSL,62.22,161.06,No
CUST00770,Female,0,54,Yes,DSL,43.19,2022.39,No
CUST00771,Male,0,50,No,DSL,25.61,1439.89,No
CUST00772,Male,0,48,Yes,DSL,42.18,2463.27,No
CUST00773,Male,1,18,No,DSL,22.24,227.97,No
CUST00774,Female,0,40,No,DSL,46.43,,No
CUST00775,Male,0,9,Yes,Fiber optic,94.39,834.82,No
CUST00776,Male,0,47,No,Fiber optic,50.75,2216.86,No
CUST00777,Male,0,14,Yes,Fiber optic,80.66,1006.26,No
CUST00778,Female,1,0,Yes,Fiber optic,89.82,,Yes
CUST00779,Male,0,31,No,No,48.41,1763.42,No
CUST00780,Female,0,27,Yes,DSL,41.78,1369.45,No
CUST00781,Male,1,11,No,Fiber optic,91.64,999.65,No
CUST00782,Female,0,60,Yes,DSL,28.74,1489.76,No
CUST00783,Female,1,55,No,DSL,70.04,4247.56,No
CUST00784,Male,0,10,No,DSL,104.13,962.22,Yes
CUST00785,Female,0,59,Yes,DSL,45.66,2521.03,No
CUST00786,Male,1,63,Yes,Fiber optic,35.99,1874.92,No
CUST00787,Male,0,36,No,Fiber optic,20.92,615.86,Yes
CUST00788,Male,0,11,Yes,No,73.6,840.17,Yes
CUST00789,Male,0,67,No,DSL,56.18,4265.54,No
CUST00790,Female,0,10,Yes,No,101.36,927.92,No
CUST00791,Male,0,45,No,No,67.94,3325.19,No
CUST00792,Male,0,9,Yes,DSL,71.47,674.13,No
CUST00793,Male,1,44,Yes,Fiber optic,82.86,3581.95,No
CUST00794,Male,0,4,Yes,DSL,108.21,461.98,Yes
CUST00795,Male,0,8,No,No,86.11,,Yes
CUST00796,Female,1,22,Yes,DSL,70.67,1385.81,No
CUST00797,Female,0,38,No,DSL,21.88,815.66,No
CUST00798,Female,0,72,No,Fiber optic,27.25,2235.76,No
CUST00799,Male,0,51,No,Fiber optic,97.61,5095.36,No
CUST00800,Female,0,66,Yes,Fiber optic,91.71,6243.02,Yes
CUST00801,Female,0,21,No,Fiber optic,68.76,1435.94,Yes
CUST00802,Male,1,0,No,Fiber optic,80.52,,Yes
CUST00803,Male,0,61,No,Fiber optic,64.39,3401.7,No
CUST00804,Female,0,68,No,Fiber optic,27.47,1962.54,No
CUST00805,Male,0,47,No,No,21.97,1335.95,No
CUST00806,Male,0,16,Yes,No,43.72,678.56,No
CUST00807,Female,0,67,No,No,35.32,3019.33,No
CUST00808,Female,0,38,Yes,Fiber optic,55.04,1886.78,No
CUST00809,Female,0,4,No,No,86.1,380.88,Yes
CUST00810,Female,0,48,Yes,Fiber optic,22.69,,Yes
CUST00811,Female,0,58,Yes,No,97.93,6092.99,No
CUST00812,Female,0,25,No,Fiber optic,70.98,1731.16,No
CUST00813,Male,0,10,Yes,No,89.7,986.79,Yes
CUST00814,Female,0,48,Yes,No,39.0,1466.24,No
CUST00815,Female,0,5,No,DSL,87.73,438.71,Yes
CUST00816,Female,1,37,No,DSL,41.45,1868.33,No
CUST00817,Male,0,59,Yes,DSL,74.0,3840.71,No
CUST00818,Male,0,28,Yes,No,35.69,1276.96,No
CUST00819,Female,0,11,No,DSL,106.56,,Yes
CUST00820,Female,1,7,Yes,DSL,60.27,368.07,Yes
CUST00821,Female,0,52,Yes,Fiber optic,52.94,2511.82,Yes
CUST00822,Female,0,55,No,Fiber optic,40.67,2714.43,No
CUST00823,Female,0,66,Yes,DSL,51.68,3215.76,No
CUST00824,Male,0,8,Yes,Fiber optic,79.14,616.1,Yes
CUST00825,Female,0,52,Yes,Fiber optic,38.51,1562.79,No
CUST00826,Male,1,61,No,DSL,60.05,3333.33,No
CUST00827,Male,0,5,Yes,No,102.18,557.16,No
CUST00828,Male,0,5,No,Fiber optic,107.33,540.23,Yes
CUST00829,Male,0,26,Yes,DSL,92.42,2300.57,No
CUST00830,Male,0,9,Yes,DSL,108.59,947.43,No
CUST00831,Female,0,7,Yes,Fiber optic,86.17,660.69,No
CUST00832,Male,1,11,Yes,Fiber optic,94.73,1126.08,Yes
CUST00833,Female,0,9,No,Fiber optic,78.92,769.32,No
CUST00834,Male,0,0,No,Fiber optic,61.57,,No
CUST00835,Female,0,67,Yes,No,68.76,4415.57,No
CUST00836,Male,0,51,No,DSL,73.8,3693.66,No
CUST00837,Male,0,62,No,Fiber optic,23.57,1716.05,No
CUST00838,Male,1,44,No,DSL,34.74,1547.31,No
CUST00839,Male,0,5,No,DSL,95.01,469.39,Yes
CUST00840,Female,0,64,No,DSL,30.51,2011.76,No
CUST00841,Male,0,12,No,DSL,36.08,409.7,No
CUST00842,Male,0,0,Yes,Fiber optic,64.05,,No
CUST00843,Male,1,6,No,Fiber optic,91.27,603.86,Yes
CUST00844,Female,0,24,No,Fiber optic,41.62,1235.95,No
CUST00845,Male,0,11,No,Fiber optic,98.92,1069.78,Yes
CUST00846,Male,0,6,Yes,DSL,81.62,455.22,Yes
CUST00847,Male,0,8,Yes,DSL,99.47,868.16,No
CUST00848,Male,0,54,No,Fiber optic,74.22,4167.46,No
CUST00849,Male,0,66,No,Fiber optic,98.34,6727.58,Yes
CUST00850,Female,0,37,Yes,No,41.9,1591.97,No
CUST00851,Female,0,18,Yes,No,34.5,580.57,No
CUST00852,Female,0,8,No,DSL,70.32,583.46,Yes
CUST00853,Female,0,45,Yes,Fiber optic,82.55,3983.56,No
CUST00854,Female,0,71,Yes,No,53.81,3952.88,No
CUST00855,Female,0,6,Yes,Fiber optic,75.61,463.84,No
CUST00856,Male,0,71,No,DSL,42.91,3417.4,No
CUST00857,Female,1,25,No,Fiber optic,45.22,1241.88,Yes
CUST00858,Female,0,10,Yes,Fiber optic,98.41,1007.49,Yes
CUST00859,Male,0,2,No,Fiber optic,69.63,124.88,No
CUST00860,Male,1,34,No,No,84.65,2915.33,No
CUST00861,Male,0,40,No,Fiber optic,54.05,2171.61,Yes
CUST00862,Female,0,11,Yes,Fiber optic,88.45,986.94,Yes
CUST00863,Female,0,0,No,DSL,72.93,,Yes
CUST00864,Female,0,52,No,DSL,77.98,3851.44,No
CUST00865,Male,0,39,Yes,DSL,71.26,2495.61,No
CUST00866,Female,0,39,No,DSL,36.47,1448.56,No
CUST00867,Male,0,32,Yes,Fiber optic,31.03,937.73,No
CUST00868,Male,0,6,No,DSL,108.38,709.87,Yes
CUST00869,Female,0,37,Yes,Fiber optic,48.81,1846.61,No
CUST00870,Female,0,7,No,Fiber optic,60.29,387.66,No
CUST00871,Male,0,46,Yes,DSL,92.98,4480.12,No
CUST00872,Male,1,65,No,Fiber optic,47.93,2474.84,No
CUST00873,Female,0,3,Yes,Fiber optic,80.76,265.47,No
CUST00874,Female,0,3,No,Fiber optic,96.5,303.24,Yes
CUST00875,Male,0,26,No,Fiber optic,75.64,2060.95,No
CUST00876,Male,0,37,No,DSL,38.96,1423.24,No
CUST00877,Female,1,69,Yes,DSL,98.59,6625.52,No
CUST00878,Male,1,62,No,DSL,54.48,2763.16,Yes
CUST00879,Male,0,2,No,Fiber optic,83.43,160.75,No
CUST00880,Male,0,69,Yes,DSL,86.25,6126.27,No
CUST00881,Female,0,10,No,DSL,100.53,943.17,No
CUST00882,Male,1,17,No,Fiber optic,45.01,906.98,No
CUST00883,Male,1,21,No,Fiber optic,26.09,459.76,Yes
CUST00884,Male,0,10,No,Fiber optic,105.2,1092.5,Yes
CUST00885,Female,0,17,No,No,61.68,1105.25,No
CUST00886,Female,0,3,No,DSL,90.65,300.27,Yes
CUST00887,Male,1,2,Yes,Fiber optic,80.73,149.55,No
CUST00888,Male,1,6,No,Fiber optic,76.36,481.84,No
CUST00889,Male,0,16,No,DSL,51.62,705.56,No
CUST00890,Female,0,9,Yes,DSL,107.77,889.85,No
CUST00891,Female,0,11,Yes,Fiber optic,61.45,723.75,Yes
CUST00892,Female,1,7,No,DSL,87.92,552.48,Yes
CUST00893,Female,0,56,Yes,Fiber optic,43.03,2501.19,No
CUST00894,Female,0,64,Yes,DSL,62.67,4370.31,No
CUST00895,Female,0,18,Yes,Fiber optic,23.93,548.51,No
CUST00896,Female,1,71,No,Fiber optic,34.59,3106.27,No
CUST00897,Male,1,48,No,DSL,64.21,,Yes
CUST00898,Female,0,12,Yes,DSL,36.03,373.52,No
CUST00899,Female,0,35,Yes,No,79.52,2726.46,No
CUST00900,Male,0,2,No,Fiber optic,98.15,179.54,No
CUST00901,Male,0,42,Yes,Fiber optic,43.0,1516.01,No
CUST00902,Male,1,41,Yes,DSL,48.79,1831.2,Yes
CUST00903,Female,0,58,Yes,DSL,40.48,2126.48,No
CUST00904,Female,0,5,No,Fiber optic,72.53,398.75,Yes
CUST00905,Male,0,34,No,Fiber optic,97.3,3035.44,No
CUST00906,Female,0,49,Yes,Fiber optic,96.42,4494.41,Yes
CUST00907,Male,0,2,No,DSL,84.96,188.63,Yes
CUST00908,Male,0,56,No,Fiber optic,93.14,4770.96,No
CUST00909,Female,0,19,No,Fiber optic,98.79,1699.33,No
CUST00910,Female,0,16,No,Fiber optic,54.78,930.12,Yes
CUST00911,Female,0,63,No,Fiber optic,99.4,6624.76,No
CUST00912,Female,0,63,Yes,Fiber optic,54.55,3441.86,Yes
CUST00913,Male,0,35,No,Fiber optic,35.69,1598.19,No
CUST00914,Female,0,7,Yes,DSL,86.92,600.66,No
CUST00915,Female,0,63,No,No,51.59,3569.55,No
CUST00916,Male,0,47,No,DSL,54.79,2405.64,No
CUST00917,Male,0,61,Yes,No,42.02,2249.09,No
CUST00918,Female,0,11,No,Fiber optic,102.77,1081.21,Yes
CUST00919,Male,1,9,No,Fiber optic,63.04,608.84,No
CUST00920,Male,0,54,No,No,69.2,3571.56,No
CUST00921,Male,0,1,Yes,DSL,79.72,78.91,Yes
CUST00922,Male,0,3,No,No,70.96,242.69,Yes
CUST00923,Female,0,17,Yes,DSL,61.52,1086.79,No
CUST00924,Male,0,4,Yes,DSL,109.15,420.82,Yes
CUST00925,Female,0,48,No,DSL,57.8,2993.89,No
CUST00926,Male,0,30,Yes,Fiber optic,89.14,2391.71,No
CUST00927,Female,0,52,No,Fiber optic,55.58,2451.63,No
CUST00928,Male,0,42,No,DSL,54.47,1941.41,No
CUST00929,Female,0,25,No,Fiber optic,78.97,2000.8,Yes
CUST00930,Female,0,53,Yes,Fiber optic,62.16,2883.79,No
CUST00931,Female,0,61,No,Fiber optic,40.55,2371.56,No
CUST00932,Male,0,68,No,Fiber optic,37.9,2777.98,No
CUST00933,Female,1,15,No,Fiber optic,94.39,1434.8,No
CUST00934,Female,0,19,No,Fiber optic,58.78,1105.88,No
CUST00935,Female,0,35,No,Fiber optic,76.54,2730.95,Yes
CUST00936,Male,1,35,Yes,DSL,61.89,2150.59,No
CUST00937,Female,0,0,No,Fiber optic,82.64,,No
CUST00938,Female,0,5,Yes,Fiber optic,95.08,436.31,Yes
CUST00939,Male,0,14,Yes,DSL,88.11,1281.56,No
CUST00940,Female,0,4,No,Fiber optic,86.73,386.49,No
CUST00941,Female,0,60,No,Fiber optic,90.33,5220.67,No
CUST00942,Male,0,59,Yes,No,93.51,5775.84,No
CUST00943,Female,0,11,Yes,No,90.35,969.47,No
CUST00944,Male,0,2,No,Fiber optic,67.0,121.17,Yes
CUST00945,Female,0,53,Yes,No,79.61,4140.13,No
CUST00946,Male,0,39,Yes,Fiber optic,21.31,663.92,No
CUST00947,Male,0,39,Yes,No,33.33,958.82,No
CUST00948,Male,0,67,Yes,Fiber optic,96.72,6226.9,Yes
CUST00949,Male,0,63,No,DSL,87.68,5742.45,No
CUST00950,Female,0,1,Yes,Fiber optic,75.54,70.54,Yes
CUST00951,Female,1,5,Yes,Fiber optic,80.24,361.95,Yes
CUST00952,Male,1,59,Yes,Fiber optic,94.77,5080.18,Yes
CUST00953,Male,0,9,Yes,No,86.55,747.48,Yes
CUST00954,Female,0,50,No,DSL,89.46,4247.31,No
CUST00955,Female,0,11,No,DSL,86.08,1023.82,Yes
CUST00956,Male,0,1,Yes,Fiber optic,79.65,79.17,Yes
CUST00957,Female,0,62,Yes,Fiber optic,29.1,1854.86,Yes
CUST00958,Male,0,69,Yes,Fiber optic,34.0,2100.48,No
CUST00959,Female,1,7,Yes,Fiber optic,83.12,627.3,No
CUST00960,Female,0,63,No,Fiber optic,72.44,4576.69,Yes
CUST00961,Male,1,5,No,DSL,72.03,340.02,Yes
CUST00962,Female,0,13,Yes,DSL,96.43,1133.04,No
CUST00963,Male,0,31,No,DSL,58.24,,No
CUST00964,Female,0,27,No,Fiber optic,38.45,,Yes
CUST00965,Female,1,16,No,No,53.09,824.48,Yes
CUST00966,Female,0,5,Yes,DSL,105.81,548.6,Yes
CUST00967,Male,0,6,Yes,DSL,72.12,471.12,Yes
CUST00968,Female,1,34,Yes,DSL,38.41,1289.87,Yes
CUST00969,Female,0,15,Yes,DSL,28.52,541.71,No
CUST00970,Female,0,45,No,DSL,69.63,3383.85,No
CUST00971,Male,0,13,Yes,DSL,94.33,1285.71,No
CUST00972,Female,0,48,No,Fiber optic,27.45,989.63,No
CUST00973,Male,0,48,No,Fiber optic,96.56,4436.03,No
CUST00974,Female,0,5,No,DSL,60.69,290.01,No
CUST00975,Female,0,22,No,DSL,86.71,1854.3,No
CUST00976,Male,0,71,No,DSL,95.42,6266.77,No
CUST00977,Male,0,70,Yes,Fiber optic,58.74,3837.33,No
CUST00978,Female,0,9,Yes,Fiber optic,60.24,504.24,No
CUST00979,Female,0,4,No,Fiber optic,88.71,338.33,Yes
CUST00980,Male,0,20,No,DSL,20.64,474.6,No
CUST00981,Female,1,9,Yes,Fiber optic,69.79,651.42,No
CUST00982,Male,1,11,Yes,Fiber optic,107.87,1210.04,Yes
CUST00983,Male,0,56,Yes,DSL,51.65,2826.35,No
CUST00984,Male,1,22,No,DSL,67.06,1579.7,No
CUST00985,Male,0,5,Yes,Fiber optic,91.01,414.44,No
CUST00986,Female,0,8,Yes,DSL,92.86,,Yes
CUST00987,Male,0,36,No,DSL,40.61,1570.31,No
CUST00988,Female,0,8,No,Fiber optic,84.88,758.84,Yes
CUST00989,Male,0,19,No,No,55.69,1207.17,No
CUST00990,Female,0,72,No,Fiber optic,51.88,4214.21,Yes
CUST00991,Male,0,6,No,No,71.34,457.88,Yes
CUST00992,Male,0,60,No,Fiber optic,55.44,3270.22,No
CUST00993,Male,1,44,Yes,DSL,27.81,1132.52,No
CUST00994,Female,0,25,No,Fiber optic,76.03,,No
CUST00995,Female,0,10,No,DSL,60.71,585.29,No
CUST00996,Female,0,12,Yes,Fiber optic,86.72,1134.65,No
CUST00997,Male,0,5,No,Fiber optic,65.06,366.25,Yes
CUST00998,Male,0,1,Yes,Fiber optic,77.91,72.82,Yes
CUST00999,Male,0,61,Yes,Fiber optic,27.88,,No
CUST01000,Female,0,33,Yes,No,60.12,1904.1,No
